{
  "total_evaluations": 78,
  "timestamp": "2026-04-03T19:48:51.889731",
  "hit_rate_at_3": {
    "mean": 0.23076923076923078,
    "median": 0.0,
    "min": 0.0,
    "max": 1.0,
    "std": 0.42405209564413177,
    "count": 78
  },
  "hit_rate_at_5": {
    "mean": 0.23076923076923078,
    "median": 0.0,
    "min": 0.0,
    "max": 1.0,
    "std": 0.42405209564413177,
    "count": 78
  },
  "mrr": {
    "mean": 0.14102564102564105,
    "median": 0.0,
    "min": 0.0,
    "max": 1.0,
    "std": 0.27794977470053334,
    "count": 78
  },
  "faithfulness": {
    "mean": 0.8378205128205127,
    "median": 0.875,
    "min": 0.4,
    "max": 1.0,
    "std": 0.12199262736821902,
    "count": 78
  },
  "answer_relevancy": {
    "mean": 0.9512820512820517,
    "median": 1.0,
    "min": 0.9,
    "max": 1.0,
    "std": 0.050307082312558433,
    "count": 78
  },
  "context_precision": {
    "mean": 0.5303846153846155,
    "median": 0.67,
    "min": 0.0,
    "max": 1.0,
    "std": 0.3072181098714186,
    "count": 78
  },
  "context_recall": {
    "mean": 0.4775641025641026,
    "median": 0.25,
    "min": 0.25,
    "max": 1.0,
    "std": 0.2522171085859757,
    "count": 78
  },
  "latency_ms": {
    "mean": 15373.547837180713,
    "median": 15039.812200004235,
    "min": 10880.342299991753,
    "max": 32257.72210001014,
    "std": 2979.4742159332013,
    "count": 78
  },
  "retrieval_ms": {
    "mean": 9889.064966669628,
    "median": 9609.031850006431,
    "min": 6020.343000011053,
    "max": 22888.677400012966,
    "std": 2629.4172105912066,
    "count": 78
  },
  "llm_ms": {
    "mean": 1317.872960255511,
    "median": 1261.3197000173386,
    "min": 917.0088999671862,
    "max": 2051.093700050842,
    "std": 249.8006253049407,
    "count": 78
  },
  "hallucination_rate": 0.0,
  "hallucination_score": {
    "mean": 0.010269230769230768,
    "median": 0.0,
    "min": 0.0,
    "max": 0.144,
    "std": 0.028833905491523443,
    "count": 78
  }
}