{
  "total_evaluations": 56,
  "timestamp": "2026-04-04T18:02:53.782393",
  "hit_rate_at_3": {
    "mean": 0.0,
    "median": 0.0,
    "min": 0.0,
    "max": 0.0,
    "std": 0.0,
    "count": 56
  },
  "hit_rate_at_5": {
    "mean": 0.0,
    "median": 0.0,
    "min": 0.0,
    "max": 0.0,
    "std": 0.0,
    "count": 56
  },
  "mrr": {
    "mean": 0.0,
    "median": 0.0,
    "min": 0.0,
    "max": 0.0,
    "std": 0.0,
    "count": 56
  },
  "faithfulness": {
    "mean": 0.8473214285714288,
    "median": 0.9,
    "min": 0.4,
    "max": 1.0,
    "std": 0.12300023756708131,
    "count": 56
  },
  "answer_relevancy": {
    "mean": 0.9625000000000001,
    "median": 1.0,
    "min": 0.9,
    "max": 1.0,
    "std": 0.04885042104591971,
    "count": 56
  },
  "context_precision": {
    "mean": 0.5125,
    "median": 0.67,
    "min": 0.0,
    "max": 1.0,
    "std": 0.3187889013694856,
    "count": 56
  },
  "context_recall": {
    "mean": 0.53125,
    "median": 0.5,
    "min": 0.0,
    "max": 1.0,
    "std": 0.2979570591392476,
    "count": 56
  },
  "latency_ms": {
    "mean": 60615.237573214734,
    "median": 52641.998100007186,
    "min": 26148.383599997032,
    "max": 114449.06859996263,
    "std": 25539.852930484547,
    "count": 56
  },
  "retrieval_ms": {
    "mean": 54919.62928571593,
    "median": 46912.47530002147,
    "min": 19465.644599986263,
    "max": 109671.34030000307,
    "std": 25811.269384054536,
    "count": 56
  },
  "llm_ms": {
    "mean": 1453.3305178546082,
    "median": 1395.2017500123475,
    "min": 877.7543000178412,
    "max": 3409.4720000284724,
    "std": 458.76419324224673,
    "count": 56
  },
  "hallucination_rate": 0.0,
  "hallucination_score": {
    "mean": 0.019767857142857143,
    "median": 0.0,
    "min": 0.0,
    "max": 0.3,
    "std": 0.05676202029572192,
    "count": 56
  }
}