{
  "total_evaluations": 56,
  "timestamp": "2026-04-03T20:11:02.289664",
  "hit_rate_at_3": {
    "mean": 0.0,
    "median": 0.0,
    "min": 0.0,
    "max": 0.0,
    "std": 0.0,
    "count": 56
  },
  "hit_rate_at_5": {
    "mean": 0.0,
    "median": 0.0,
    "min": 0.0,
    "max": 0.0,
    "std": 0.0,
    "count": 56
  },
  "mrr": {
    "mean": 0.0,
    "median": 0.0,
    "min": 0.0,
    "max": 0.0,
    "std": 0.0,
    "count": 56
  },
  "faithfulness": {
    "mean": 0.8223214285714285,
    "median": 0.875,
    "min": 0.4,
    "max": 1.0,
    "std": 0.1401037417114848,
    "count": 56
  },
  "answer_relevancy": {
    "mean": 0.9607142857142856,
    "median": 1.0,
    "min": 0.8,
    "max": 1.0,
    "std": 0.05284134548067253,
    "count": 56
  },
  "context_precision": {
    "mean": 0.5121428571428571,
    "median": 0.67,
    "min": 0.0,
    "max": 1.0,
    "std": 0.2784157407104072,
    "count": 56
  },
  "context_recall": {
    "mean": 0.5089285714285714,
    "median": 0.5,
    "min": 0.0,
    "max": 1.0,
    "std": 0.26952941193143265,
    "count": 56
  },
  "latency_ms": {
    "mean": 13792.626971426736,
    "median": 13705.778300005477,
    "min": 10614.65300002601,
    "max": 17236.090200021863,
    "std": 1463.9050871222362,
    "count": 56
  },
  "retrieval_ms": {
    "mean": 8918.20391071503,
    "median": 8668.943900003796,
    "min": 6188.221900025383,
    "max": 12574.573499965481,
    "std": 1427.447254692962,
    "count": 56
  },
  "llm_ms": {
    "mean": 1201.5352232140556,
    "median": 1144.8721999768168,
    "min": 918.8248999998905,
    "max": 2338.297499984037,
    "std": 249.92460223087744,
    "count": 56
  },
  "hallucination_rate": 0.0,
  "hallucination_score": {
    "mean": 0.02078571428571429,
    "median": 0.0,
    "min": 0.0,
    "max": 0.3,
    "std": 0.05802529676731576,
    "count": 56
  }
}